{
	"position": {
		"x": -1167.48291015625,
		"y": -31956.9140625
	},
	"zoom": {
		"x": 0.972882986068726,
		"y": 0.972882986068726
	}
}