{
	"position": {
		"x": -1417.94860839844,
		"y": -37385.3359375
	},
	"zoom": {
		"x": 0.488126575946808,
		"y": 0.488126575946808
	}
}