{
	"position": {
		"x": 928.397827148438,
		"y": -1940.47973632812
	},
	"zoom": {
		"x": 0.156387969851494,
		"y": 0.156387969851494
	}
}