{
	"position": {
		"x": -1387.85107421875,
		"y": -37476.41796875
	},
	"zoom": {
		"x": 0.453856974840164,
		"y": 0.453856974840164
	}
}