{
	"position": {
		"x": 529.749572753906,
		"y": -30954.51953125
	},
	"zoom": {
		"x": 0.495104134082794,
		"y": 0.495104134082794
	}
}