{
	"position": {
		"x": -1128.16320800781,
		"y": -31931.599609375
	},
	"zoom": {
		"x": 1.48232924938202,
		"y": 1.48232924938202
	}
}