{
	"position": {
		"x": -1085.34484863281,
		"y": -32747.533203125
	},
	"zoom": {
		"x": 0.81386786699295,
		"y": 0.81386786699295
	}
}