{
	"position": {
		"x": -1134.84191894531,
		"y": -32274.296875
	},
	"zoom": {
		"x": 1.44181668758392,
		"y": 1.44181668758392
	}
}