{
	"position": {
		"x": 640.651794433594,
		"y": -7765.73681640625
	},
	"zoom": {
		"x": 0.156387969851494,
		"y": 0.156387969851494
	}
}